{"colWidth":0.9958043098449707,"rowHeight":0.9759613724365233,"lockfreePool":true,"keyBindings":[{"Up":65517,"Down":65516,"Left":65515,"Right":65514,"Fire":32},{"Up":119,"Down":115,"Left":97,"Right":100,"Fire":8}],"box":{"x":0,"y":0,"w":263.54053870984507,"h":59.49945017243652}}