{"colWidth":0.9999990463256836,"rowHeight":0.9999995231628418,"lockfreePool":true,"keyBindings":[{"Up":65517,"Down":65516,"Left":65515,"Right":65514,"Fire":32},{"Up":119,"Down":115,"Left":97,"Right":100,"Fire":8}],"box":{"x":0,"y":0,"w":264.1999990463273,"h":59.399999523162776}}