{"colWidth":1.0896139000000007,"rowHeight":0.9819613999999985,"lockfreePool":true,"keyBindings":[{"Up":65517,"Down":65516,"Left":65515,"Right":65514,"Fire":32},{"Up":119,"Down":115,"Left":97,"Right":100,"Fire":8}],"box":{"x":0,"y":0,"w":265.3050067,"h":60.037162999999985}}