{"colWidth":1.099999999999996,"rowHeight":0.9999999999999964,"lockfreePool":true,"keyBindings":[{"Up":65517,"Down":65516,"Left":65515,"Right":65514,"Fire":32},{"Up":119,"Down":115,"Left":97,"Right":100,"Fire":8}],"box":{"x":0,"y":0,"w":230.70000000000115,"h":52.99999999999996}}