{"colWidth":1.0038778703979485,"rowHeight":0.9953587042297372,"lockfreePool":true,"keyBindings":[{"Up":65517,"Down":65516,"Left":65515,"Right":65514,"Fire":32},{"Up":119,"Down":115,"Left":97,"Right":100,"Fire":8}],"box":{"x":0,"y":0,"w":263.5341858703979,"h":60.04678670422975}}