{"colWidth":0.9844207763671875,"rowHeight":0.9781203999999999,"lockfreePool":true,"keyBindings":[{"Up":65517,"Down":65516,"Left":65515,"Right":65514,"Fire":32},{"Up":119,"Down":115,"Left":97,"Right":100,"Fire":8}],"box":{"x":0,"y":0,"w":264.4182439763672,"h":60.00304599999998}}